"","Not_Enrolled","Enrolled_Interested","CourseValue"
"Beauty Program",17,6,0.260869565217391
"Admin Assistant",5971,535,0.082231786043652
"",164,12,0.0681818181818182
"Retail",633,29,0.0438066465256798
"Not Known",2502,58,0.02265625
"Guest Care",360,8,0.0217391304347826
"#Ahmedabad",2,0,0
"#Bed Side Assistant",0,0,NA
