"","Not_Enrolled","Enrolled_Interested","PriorityValue"
"High",693,135,0.16304347826087
"Medium",7209,459,0.0598591549295775
"Low",1727,74,0.0410882842865075
